{"cameraMode":{"drawMode":0,"name":"Shaded","section":"Shading Mode"},"sceneLighting":false,"audioPlay":false,"sceneViewState":{"showFog":true,"showMaterialUpdate":false,"showSkybox":true,"showFlares":true,"showImageEffects":true,"showParticleSystems":true},"in2DMode":false,"pivot":{"x":-0.8470858335494995,"y":1.6835055351257325,"z":-1.7881393432617188e-7},"rotation":{"x":0.35357800126075747,"y":0.19436049461364747,"z":-0.0753641277551651,"w":0.9118810296058655},"size":5.931301116943359,"orthographic":true}