{"cameraMode":{"drawMode":0,"name":"Shaded","section":"Shading Mode"},"sceneLighting":false,"audioPlay":false,"sceneViewState":{"showFog":true,"showMaterialUpdate":false,"showSkybox":true,"showFlares":true,"showImageEffects":true,"showParticleSystems":true},"in2DMode":false,"pivot":{"x":69.73052978515625,"y":1.329526424407959,"z":58.13986587524414},"rotation":{"x":-0.20029382407665254,"y":-0.047586213797330859,"z":0.00974379014223814,"w":-0.9785310626029968},"size":27.174964904785158,"orthographic":false}