{"cameraMode":{"drawMode":0,"name":"Shaded","section":"Shading Mode"},"sceneLighting":false,"audioPlay":false,"sceneViewState":{"showFog":true,"showMaterialUpdate":false,"showSkybox":true,"showFlares":true,"showImageEffects":true,"showParticleSystems":true},"in2DMode":false,"pivot":{"x":5.214040756225586,"y":-25.379344940185548,"z":11.178991317749024},"rotation":{"x":-0.40140995383262637,"y":0.0362558588385582,"z":-0.015885597094893457,"w":-0.9150427579879761},"size":94.98558044433594,"orthographic":false}